INSERT INTO tbl_rights_authitem VALUES ('Site.*', 1, NULL, NULL, 'N;');
INSERT INTO tbl_rights_authitem VALUES ('Blog.Banner.*', 1, NULL, NULL, 'N;');
INSERT INTO tbl_rights_authitem VALUES ('Blog.Comment.*', 1, NULL, NULL, 'N;');
INSERT INTO tbl_rights_authitem VALUES ('Blog.Default.*', 1, NULL, NULL, 'N;');
INSERT INTO tbl_rights_authitem VALUES ('Blog.Gallery.*', 1, NULL, NULL, 'N;');
INSERT INTO tbl_rights_authitem VALUES ('Blog.Post.*', 1, NULL, NULL, 'N;');
INSERT INTO tbl_rights_authitem VALUES ('Bukapeta.Default.*', 1, NULL, NULL, 'N;');
INSERT INTO tbl_rights_authitem VALUES ('Bukapeta.Media.*', 1, NULL, NULL, 'N;');
INSERT INTO tbl_rights_authitem VALUES ('User.Activation.*', 1, NULL, NULL, 'N;');
INSERT INTO tbl_rights_authitem VALUES ('User.Admin.*', 1, NULL, NULL, 'N;');
INSERT INTO tbl_rights_authitem VALUES ('User.Default.*', 1, NULL, NULL, 'N;');
INSERT INTO tbl_rights_authitem VALUES ('User.Login.*', 1, NULL, NULL, 'N;');
INSERT INTO tbl_rights_authitem VALUES ('User.Logout.*', 1, NULL, NULL, 'N;');
INSERT INTO tbl_rights_authitem VALUES ('User.Profile.*', 1, NULL, NULL, 'N;');
INSERT INTO tbl_rights_authitem VALUES ('User.ProfileField.*', 1, NULL, NULL, 'N;');
INSERT INTO tbl_rights_authitem VALUES ('User.Recovery.*', 1, NULL, NULL, 'N;');
INSERT INTO tbl_rights_authitem VALUES ('User.Registration.*', 1, NULL, NULL, 'N;');
INSERT INTO tbl_rights_authitem VALUES ('User.User.*', 1, NULL, NULL, 'N;');
INSERT INTO tbl_rights_authitem VALUES ('Site.Index', 0, NULL, NULL, 'N;');
INSERT INTO tbl_rights_authitem VALUES ('Site.Error', 0, NULL, NULL, 'N;');
INSERT INTO tbl_rights_authitem VALUES ('Site.Contact', 0, NULL, NULL, 'N;');
INSERT INTO tbl_rights_authitem VALUES ('Site.Login', 0, NULL, NULL, 'N;');
INSERT INTO tbl_rights_authitem VALUES ('Site.Logout', 0, NULL, NULL, 'N;');
INSERT INTO tbl_rights_authitem VALUES ('Site.Install', 0, NULL, NULL, 'N;');
INSERT INTO tbl_rights_authitem VALUES ('Site.Beranda', 0, NULL, NULL, 'N;');
INSERT INTO tbl_rights_authitem VALUES ('Site.Dashboard', 0, NULL, NULL, 'N;');
INSERT INTO tbl_rights_authitem VALUES ('Blog.Banner.Lihat', 0, NULL, NULL, 'N;');
INSERT INTO tbl_rights_authitem VALUES ('Blog.Banner.Buat', 0, NULL, NULL, 'N;');
INSERT INTO tbl_rights_authitem VALUES ('Blog.Banner.Ubah', 0, NULL, NULL, 'N;');
INSERT INTO tbl_rights_authitem VALUES ('Blog.Banner.Hapus', 0, NULL, NULL, 'N;');
INSERT INTO tbl_rights_authitem VALUES ('Blog.Banner.Index', 0, NULL, NULL, 'N;');
INSERT INTO tbl_rights_authitem VALUES ('Blog.Banner.Atur', 0, NULL, NULL, 'N;');
INSERT INTO tbl_rights_authitem VALUES ('Blog.Comment.Update', 0, NULL, NULL, 'N;');
INSERT INTO tbl_rights_authitem VALUES ('Blog.Comment.Delete', 0, NULL, NULL, 'N;');
INSERT INTO tbl_rights_authitem VALUES ('Blog.Comment.Index', 0, NULL, NULL, 'N;');
INSERT INTO tbl_rights_authitem VALUES ('Blog.Comment.Approve', 0, NULL, NULL, 'N;');
INSERT INTO tbl_rights_authitem VALUES ('Blog.Default.Index', 0, NULL, NULL, 'N;');
INSERT INTO tbl_rights_authitem VALUES ('Blog.Gallery.Lihat', 0, NULL, NULL, 'N;');
INSERT INTO tbl_rights_authitem VALUES ('Blog.Gallery.Buat', 0, NULL, NULL, 'N;');
INSERT INTO tbl_rights_authitem VALUES ('Blog.Gallery.Ubah', 0, NULL, NULL, 'N;');
INSERT INTO tbl_rights_authitem VALUES ('Blog.Gallery.Hapus', 0, NULL, NULL, 'N;');
INSERT INTO tbl_rights_authitem VALUES ('Blog.Gallery.Index', 0, NULL, NULL, 'N;');
INSERT INTO tbl_rights_authitem VALUES ('Blog.Gallery.Atur', 0, NULL, NULL, 'N;');
INSERT INTO tbl_rights_authitem VALUES ('Blog.Post.View', 0, NULL, NULL, 'N;');
INSERT INTO tbl_rights_authitem VALUES ('Blog.Post.Diff', 0, NULL, NULL, 'N;');
INSERT INTO tbl_rights_authitem VALUES ('Blog.Post.Create', 0, NULL, NULL, 'N;');
INSERT INTO tbl_rights_authitem VALUES ('Blog.Post.Update', 0, NULL, NULL, 'N;');
INSERT INTO tbl_rights_authitem VALUES ('Blog.Post.Delete', 0, NULL, NULL, 'N;');
INSERT INTO tbl_rights_authitem VALUES ('Blog.Post.Index', 0, NULL, NULL, 'N;');
INSERT INTO tbl_rights_authitem VALUES ('Blog.Post.Admin', 0, NULL, NULL, 'N;');
INSERT INTO tbl_rights_authitem VALUES ('Blog.Post.SuggestTags', 0, NULL, NULL, 'N;');
INSERT INTO tbl_rights_authitem VALUES ('Bukapeta.Default.Index', 0, NULL, NULL, 'N;');
INSERT INTO tbl_rights_authitem VALUES ('Bukapeta.Media.Index', 0, NULL, NULL, 'N;');
INSERT INTO tbl_rights_authitem VALUES ('Bukapeta.Media.Lihat', 0, NULL, NULL, 'N;');
INSERT INTO tbl_rights_authitem VALUES ('User.Activation.Activation', 0, NULL, NULL, 'N;');
INSERT INTO tbl_rights_authitem VALUES ('User.Admin.Admin', 0, NULL, NULL, 'N;');
INSERT INTO tbl_rights_authitem VALUES ('User.Admin.View', 0, NULL, NULL, 'N;');
INSERT INTO tbl_rights_authitem VALUES ('User.Admin.Create', 0, NULL, NULL, 'N;');
INSERT INTO tbl_rights_authitem VALUES ('User.Admin.Update', 0, NULL, NULL, 'N;');
INSERT INTO tbl_rights_authitem VALUES ('User.Admin.Delete', 0, NULL, NULL, 'N;');
INSERT INTO tbl_rights_authitem VALUES ('User.Default.Index', 0, NULL, NULL, 'N;');
INSERT INTO tbl_rights_authitem VALUES ('User.Login.Login', 0, NULL, NULL, 'N;');
INSERT INTO tbl_rights_authitem VALUES ('User.Logout.Logout', 0, NULL, NULL, 'N;');
INSERT INTO tbl_rights_authitem VALUES ('User.Profile.Profile', 0, NULL, NULL, 'N;');
INSERT INTO tbl_rights_authitem VALUES ('User.Profile.Edit', 0, NULL, NULL, 'N;');
INSERT INTO tbl_rights_authitem VALUES ('User.Profile.Changepassword', 0, NULL, NULL, 'N;');
INSERT INTO tbl_rights_authitem VALUES ('User.ProfileField.View', 0, NULL, NULL, 'N;');
INSERT INTO tbl_rights_authitem VALUES ('User.ProfileField.Create', 0, NULL, NULL, 'N;');
INSERT INTO tbl_rights_authitem VALUES ('User.ProfileField.Update', 0, NULL, NULL, 'N;');
INSERT INTO tbl_rights_authitem VALUES ('User.ProfileField.Delete', 0, NULL, NULL, 'N;');
INSERT INTO tbl_rights_authitem VALUES ('User.ProfileField.Admin', 0, NULL, NULL, 'N;');
INSERT INTO tbl_rights_authitem VALUES ('User.Recovery.Recovery', 0, NULL, NULL, 'N;');
INSERT INTO tbl_rights_authitem VALUES ('User.Registration.Registration', 0, NULL, NULL, 'N;');
INSERT INTO tbl_rights_authitem VALUES ('User.User.View', 0, NULL, NULL, 'N;');
INSERT INTO tbl_rights_authitem VALUES ('User.User.Index', 0, NULL, NULL, 'N;');

INSERT INTO tbl_rights_authitemchild VALUES ('Guest', 'Blog.Banner.*');
INSERT INTO tbl_rights_authitemchild VALUES ('Guest', 'Blog.Comment.*');
INSERT INTO tbl_rights_authitemchild VALUES ('Guest', 'Blog.Default.*');
INSERT INTO tbl_rights_authitemchild VALUES ('Guest', 'Blog.Default.Index');
INSERT INTO tbl_rights_authitemchild VALUES ('Guest', 'Blog.Gallery.*');
INSERT INTO tbl_rights_authitemchild VALUES ('Guest', 'Blog.Gallery.Lihat');
INSERT INTO tbl_rights_authitemchild VALUES ('Guest', 'Blog.Gallery.Index');
INSERT INTO tbl_rights_authitemchild VALUES ('Guest', 'Blog.Post.*');
INSERT INTO tbl_rights_authitemchild VALUES ('Guest', 'Blog.Post.Index');
INSERT INTO tbl_rights_authitemchild VALUES ('Guest', 'Blog.Post.View');
INSERT INTO tbl_rights_authitemchild VALUES ('Guest', 'Bukapeta.Default.*');
INSERT INTO tbl_rights_authitemchild VALUES ('Guest', 'Bukapeta.Default.Index');
INSERT INTO tbl_rights_authitemchild VALUES ('Guest', 'Bukapeta.Media.*');
INSERT INTO tbl_rights_authitemchild VALUES ('Guest', 'Bukapeta.Media.Index');
INSERT INTO tbl_rights_authitemchild VALUES ('Guest', 'Bukapeta.Media.Lihat');
INSERT INTO tbl_rights_authitemchild VALUES ('Guest', 'Site.*');
INSERT INTO tbl_rights_authitemchild VALUES ('Guest', 'Site.Beranda');
INSERT INTO tbl_rights_authitemchild VALUES ('Guest', 'Site.Contact');
INSERT INTO tbl_rights_authitemchild VALUES ('Guest', 'Site.Dashboard');
INSERT INTO tbl_rights_authitemchild VALUES ('Guest', 'Site.Error');
INSERT INTO tbl_rights_authitemchild VALUES ('Guest', 'Site.Index');
INSERT INTO tbl_rights_authitemchild VALUES ('Guest', 'Site.Login');
INSERT INTO tbl_rights_authitemchild VALUES ('Guest', 'Site.Logout');
INSERT INTO tbl_rights_authitemchild VALUES ('Guest', 'User.Activation.*');
INSERT INTO tbl_rights_authitemchild VALUES ('Guest', 'User.Activation.Activation');
INSERT INTO tbl_rights_authitemchild VALUES ('Guest', 'User.Default.*');
INSERT INTO tbl_rights_authitemchild VALUES ('Guest', 'User.Login.*');
INSERT INTO tbl_rights_authitemchild VALUES ('Guest', 'User.Login.Login');
INSERT INTO tbl_rights_authitemchild VALUES ('Guest', 'User.Logout.*');
INSERT INTO tbl_rights_authitemchild VALUES ('Guest', 'User.Logout.Logout');
INSERT INTO tbl_rights_authitemchild VALUES ('Authenticated', 'User.Profile.*');
INSERT INTO tbl_rights_authitemchild VALUES ('Authenticated', 'User.Profile.Changepassword');
INSERT INTO tbl_rights_authitemchild VALUES ('Authenticated', 'User.Profile.Edit');
INSERT INTO tbl_rights_authitemchild VALUES ('Authenticated', 'User.Profile.Profile');
INSERT INTO tbl_rights_authitemchild VALUES ('Authenticated', 'User.ProfileField.*');
INSERT INTO tbl_rights_authitemchild VALUES ('Guest', 'User.Recovery.*');
INSERT INTO tbl_rights_authitemchild VALUES ('Guest', 'User.Recovery.Recovery');
INSERT INTO tbl_rights_authitemchild VALUES ('Guest', 'User.User.*');

--ALTER TABLE tbl_user_profiles ADD COLUMN unit varchar;
--ALTER TABLE tbl_user_profiles ADD COLUMN telepon varchar;
--ALTER TABLE tbl_user_profiles ADD COLUMN alamat varchar;
--ALTER TABLE tbl_user_profiles ADD COLUMN email varchar;

--INSERT INTO tbl_user_profiles_fields VALUES (3, 'unit', 'Unit', 'VARCHAR', 10, 0, 2, '', '', '', '', '', '', '', 3, 3);
--INSERT INTO tbl_user_profiles_fields VALUES (4, 'telepon', 'Telepon', 'VARCHAR', 20, 0, 0, '', '', '', '', '', '', '', 4, 3);
--INSERT INTO tbl_user_profiles_fields VALUES (5, 'alamat', 'Alamat', 'VARCHAR', 512, 0, 0, '', '', '', '', '', '', '', 5, 3);
--INSERT INTO tbl_user_profiles_fields VALUES (6, 'email', 'Email', 'VARCHAR', 512, 0, 0, '', '', '', '', '', '', '', 5, 3);

--SELECT pg_catalog.setval('tbl_profiles_fields_id_seq', 6, true);
